{
	"$schema": "http://json-schema.org/draft-07/schema#",
	"title": "sample config json",
	"description": "json validator",
	"type": "object",
	"properties": {
		"logging": {
			"type": "object",
			"description": "An explanation about the purpose of this instance.",
			"properties": {
				"appLogLevel": {
					"enum": [
						"INFO",
						"DEBUG",
						"WARN",
						"ERROR",
						"FATAL",
						"OFF",
						"TRACE",
						"ALL"
					],
					"type": "string",
					"description": "An explanation about the purpose of this instance."
				},
				"packageLogLevel": {
					"type": "array",
					"minItems": 1,
					"maxItems": 1,
					"uniqueItems": true,
					"items": {
						"anyOf": [
							{
								"type": "object",
								"properties": {
									"packageName": {
										"enum": [
											"root"
										],
										"type": "string",
										"description": "An explanation about the purpose of this instance."
									},
									"logLevelForPackage": {
										"enum": [
											"INFO",
											"DEBUG",
											"WARN",
											"ERROR",
											"FATAL",
											"OFF",
											"TRACE",
											"ALL"
										],
										"type": "string",
										"description": "An explanation about the purpose of this instance."
									}
								},
								"required": [
									"packageName",
									"logLevelForPackage"
								],
								"description": "An explanation about the purpose of this instance."
							}
						]
					},
					"description": "An explanation about the purpose of this instance."
				}
			},
			"required": [
				"appLogLevel",
				"packageLogLevel"
			]
		},
		"upstreamDnsConfig": {
			"type": "object",
			"required": ["enabled"],
			"description": "An explanation about the purpose of this instance.",
			"properties": {
				"enabled": {
					"type": "boolean"
				},
				"host": {
					"type": "string"
				},
				"port": {
					"type": "string"
				},
				"zone": {
					"type": "string"
				},
				"tsigKeyNamespace": {
					"type": "string"
				},
				"tsigKeySecretName": {
					"type": "string"
				},
				"upstreamDNSTimeout": {
					"type": "integer"
				},
				"watchSecretTimeout": {
					"type": "integer"
				},
				"fixedTsigKeyMonitorDelay": {
					"type": "integer"
				}
			}
		}
	}
}