{
	"$schema": "http://json-schema.org/draft-07/schema#",
	"title": "sample config json",
	"description": "json validator",
	"type": "object",
	"properties": {
		"logging": {
			"type": "object",
			"description": "An explanation about the purpose of this instance.",
			"properties": {
				"appLogLevel": {
					"enum": [
						"CRITICAL",
						"FATAL",
						"ERROR",
						"WARN",
						"WARNING",
						"INFO",
						"DEBUG",
						"TRACE"
					],
					"type": "string",
					"description": "An explanation about the purpose of this instance."
				},
				"packageLogLevel": {
					"type": "array",
					"minItems": 1,
					"maxItems": 1,
					"uniqueItems": true,
					"items": {
						"anyOf": [
							{
								"type": "object",
								"properties": {
									"packageName": {
										"enum": [
											"root"
										],
										"type": "string",
										"description": "An explanation about the purpose of this instance."
									},
									"logLevelForPackage": {
										"enum": [
											"CRITICAL",
											"FATAL",
											"ERROR",
											"WARN",
											"WARNING",
											"INFO",
											"DEBUG",
											"TRACE"
										],
										"type": "string",
										"description": "An explanation about the purpose of this instance."
									}
								},
								"required": [
									"packageName",
									"logLevelForPackage"
								],
								"description": "An explanation about the purpose of this instance."
							}
						]
					},
					"description": "An explanation about the purpose of this instance."
				}
			},
			"required": [
				"appLogLevel"
			]
		}
	}
}
