{
  "$schema": "http://json-schema.org/draft-07/schema#",
  "title": "config schema json",
  "description": "json validator",
  "type": "object",
  "properties": {
    "logging": {
      "type": "object",
      "description": "The attribute represents the log level Configuration for NrfClient Management Service",
      "properties": {
        "appLogLevel": {
          "enum": [
            "INFO",
            "DEBUG",
            "WARN",
            "ERROR",
            "FATAL",
            "OFF",
            "TRACE",
            "ALL"
          ],
          "type": "string",
          "description": "Values of LogLevel"
        },
        "packageLogLevel": {
          "type": "array",
          "minItems": 1,
          "maxItems": 1,
          "uniqueItems": true,
          "items": {
            "anyOf": [
              {
                "type": "object",
                "properties": {
                  "packageName": {
                    "enum": [
                      "root"
                    ],
                    "type": "string",
                    "description": "The package Name."
                  },
                  "logLevelForPackage": {
                    "enum": [
                      "INFO",
                      "DEBUG",
                      "WARN",
                      "ERROR",
                      "FATAL",
                      "OFF",
                      "TRACE",
                      "ALL"
                    ],
                    "type": "string",
                    "description": "Values of LogLevel"
                  }
                },
                "required": [
                  "packageName",
                  "logLevelForPackage"
                ],
                "description": "The attribute is the list of Package names."
              }
            ]
          },
          "description": "The attribute represents the package level logging for NrfClient Management Service"
        }
      },
      "required": [
        "appLogLevel",
        "packageLogLevel"
      ]
    }
  }
}
